saddr,saddr_raw,daddr,daddr_raw,ipid,ttl,classification,success,sport,dport,udp_pkt_size,data,icmp_responder,icmp_type,icmp_code,icmp_unreach_str,repeat,cooldown,timestamp_str,timestamp_ts,timestamp_us
124.107.179.140,2360568700,192.168.0.123,2063640768,0,52,udp,1,5683,52696,524,60457d70c128ff3c2f3e3b7469746c653d2247656e6572616c20496e666f223b63743d302c3c2f716c696e6b2f73656172636866683e3b7469746c653d716c696e6b2f73656172636866682c3c2f716c696e6b2f73656172636867773e3b7469746c653d716c696e6b2f73656172636867772c3c2f716c696e6b2f726571756573743e3b7469746c653d716c696e6b2f726571756573742c3c2f716c696e6b2f737563636573733e3b7469746c653d716c696e6b2f737563636573732c3c2f6465766963652f696e666f726d2f626f6f7473747261703e3b7469746c653d6465766963652f696e666f726d2f626f6f7473747261702c3c2f6465766963652f696e666f726d2f626f6f743e3b7469746c653d6465766963652f696e666f726d2f626f6f742c3c2f6465766963652f696e666f726d2f73796e637265713e3b7469746c653d6465766963652f696e666f726d2f73796e637265712c3c2f6465766963652f696e666f726d2f6f66666c696e653e3b7469746c653d6465766963652f696e666f726d2f6f66666c696e652c3c2f6465766963652f696e666f726d2f6865617274626561743e3b7469746c653d6465766963652f696e666f726d2f6865617274626561742c3c2f6465766963652f696e666f726d2f646174613e3b7469746c653d6465766963652f696e666f726d2f646174612c3c2f6173796e633e3b63743d30,,,,,0,0,2025-10-31T15:56:56.058+0100,1761922616,58005
112.204.254.171,2885602416,192.168.0.123,2063640768,0,52,udp,1,5683,50223,524,60457d70c128ff3c2f3e3b7469746c653d2247656e6572616c20496e666f223b63743d302c3c2f716c696e6b2f73656172636866683e3b7469746c653d716c696e6b2f73656172636866682c3c2f716c696e6b2f73656172636867773e3b7469746c653d716c696e6b2f73656172636867772c3c2f716c696e6b2f726571756573743e3b7469746c653d716c696e6b2f726571756573742c3c2f716c696e6b2f737563636573733e3b7469746c653d716c696e6b2f737563636573732c3c2f6465766963652f696e666f726d2f626f6f7473747261703e3b7469746c653d6465766963652f696e666f726d2f626f6f7473747261702c3c2f6465766963652f696e666f726d2f626f6f743e3b7469746c653d6465766963652f696e666f726d2f626f6f742c3c2f6465766963652f696e666f726d2f73796e637265713e3b7469746c653d6465766963652f696e666f726d2f73796e637265712c3c2f6465766963652f696e666f726d2f6f66666c696e653e3b7469746c653d6465766963652f696e666f726d2f6f66666c696e652c3c2f6465766963652f696e666f726d2f6865617274626561743e3b7469746c653d6465766963652f696e666f726d2f6865617274626561742c3c2f6465766963652f696e666f726d2f646174613e3b7469746c653d6465766963652f696e666f726d2f646174612c3c2f6173796e633e3b63743d30,,,,,0,0,2025-10-31T15:56:57.379+0100,1761922617,379572
122.2.115.64,1081279098,192.168.0.123,2063640768,0,52,udp,1,5683,52857,524,60457d70c128ff3c2f3e3b7469746c653d2247656e6572616c20496e666f223b63743d302c3c2f716c696e6b2f73656172636866683e3b7469746c653d716c696e6b2f73656172636866682c3c2f716c696e6b2f73656172636867773e3b7469746c653d716c696e6b2f73656172636867772c3c2f716c696e6b2f726571756573743e3b7469746c653d716c696e6b2f726571756573742c3c2f716c696e6b2f737563636573733e3b7469746c653d716c696e6b2f737563636573732c3c2f6465766963652f696e666f726d2f626f6f7473747261703e3b7469746c653d6465766963652f696e666f726d2f626f6f7473747261702c3c2f6465766963652f696e666f726d2f626f6f743e3b7469746c653d6465766963652f696e666f726d2f626f6f742c3c2f6465766963652f696e666f726d2f73796e637265713e3b7469746c653d6465766963652f696e666f726d2f73796e637265712c3c2f6465766963652f696e666f726d2f6f66666c696e653e3b7469746c653d6465766963652f696e666f726d2f6f66666c696e652c3c2f6465766963652f696e666f726d2f6865617274626561743e3b7469746c653d6465766963652f696e666f726d2f6865617274626561742c3c2f6465766963652f696e666f726d2f646174613e3b7469746c653d6465766963652f696e666f726d2f646174612c3c2f6173796e633e3b63743d30,,,,,0,0,2025-10-31T15:57:01.501+0100,1761922621,501536
120.196.132.253,4253336696,192.168.0.123,2063640768,39238,42,udp,1,5683,43334,285,60457d70c128ff3c2f716c696e6b3e2c3c2f716c696e6b2f73656172636867773e2c3c2f6465766963653e2c3c2f6465766963652f696e666f726d3e2c3c2f6465766963652f696e666f726d2f626f6f743e2c3c2f6465766963652f696e666f726d2f626f6f7473747261703e2c3c2f6465766963652f696e666f726d2f646174613e2c3c2f6465766963652f696e666f726d2f6865617274626561743e2c3c2f6465766963652f696e666f726d2f6f66666c696e653e2c3c2f656b69743e2c3c2f656b69742f626f6f743e2c3c2f656b69742f626f6f7473747261703e2c3c2f656b69742f6865617274626561743e2c3c2f656b69742f73656172636867773e2c3c2f2e77656c6c2d6b6e6f776e2f636f72653e,,,,,0,0,2025-10-31T15:57:03.242+0100,1761922623,242933
113.2.99.130,2187526769,192.168.0.123,2063640768,5926,38,udp,1,5683,59998,1340,60457d70c128ff3c2f3e3b7469746c653d2247656e6572616c20496e666f223b63743d302c3c2f716c696e6b2f7365617263686465766963653e3b7469746c653d22736561726368646576696365223b6f62732c3c2f716c696e6b2f6e6574696e666f3e3b7469746c653d226e6574696e666f223b6f62732c3c2f716c696e6b2f73656172636861636b3e3b7469746c653d2273656172636861636b223b6f62732c3c2f6465766963652f636f6d6d616e642f756e62696e643e3b7469746c653d22756e62696e64223b6f62732c3c2f6465766963652f636f6d6d616e642f66696c653e3b7469746c653d2266696c65223b6f62732c3c2f6465766963652f636f6d6d616e642f6c6f673e3b7469746c653d226c6f67223b6f62732c3c2f6465766963652f636f6d6d616e642f73656c666465746563743e3b7469746c653d2273656c66646574656374223b6f62732c3c2f716c696e6b2f7365617263686465766963653f747275653e3b7469746c653d227365617263686465766963653f74727565223b6f62732c3c2f716c696e6b2f736561726368526f757465723f747275653e3b7469746c653d22736561726368526f757465723f74727565223b6f62732c3c2f716c696e6b2f67756964653f747275653e3b7469746c653d2267756964653f74727565223b6f62732c3c2f716c696e6b2f726571756573743f747275653e3b7469746c653d22726571756573743f74727565223b6f62732c3c2f6465766963652f696e666f726d2f646174613e3b7469746c653d2264617461223b6f62732c3c2f61706465766963652f636f6e74726f6c2f57694669506172616d6574657253796e633e3b7469746c653d2257694669506172616d6574657253796e63223b6f62732c3c2f61706465766963652f636f6e74726f6c2f576946695377697463683e3b7469746c653d2257694669537769746368223b6f62732c3c2f61706465766963652f636f6e74726f6c2f526164696f436f6e6669673e3b7469746c653d22526164696f436f6e666967223b6f62732c3c2f61706465766963652f636f6e74726f6c2f5750533e3b7469746c653d22575053223b6f62732c3c2f61706465766963652f636f6e74726f6c2f4d616346696c7465723e3b7469746c653d224d616346696c746572223b6f62732c3c2f61706465766963652f636f6e74726f6c2f5265626f6f743e3b7469746c653d225265626f6f74223b6f62732c3c2f61706465766963652f636f6e74726f6c2f4c4544436f6e74726f6c3e3b7469746c653d224c4544436f6e74726f6c223b6f62732c3c2f61706465766963652f636f6e74726f6c2f526f616d696e67436f6e6669673e3b7469746c653d22526f616d696e67436f6e666967223b6f62732c3c2f61706465766963652f71756572792f4170436f6e666967496e666f3e3b7469746c653d224170436f6e666967496e666f223b6f62732c3c2f61706465766963652f71756572792f55706c696e6b5374617475733e3b7469746c653d2255706c696e6b537461747573223b6f62732c3c2f61706465766963652f71756572792f535441496e666f3e3b7469746c653d22535441496e666f223b6f62732c3c2f61706465766963652f71756572792f5769466953746174733e3b7469746c653d22576946695374617473223b6f62732c3c2f61706465766963652f71756572792f576946695374617475733e3b7469746c653d2257694669537461747573223b6f62732c3c2f61706465766963652f71756572792f576c616e4e65696768626f72496e666f3e3b7469746c653d22576c616e4e65696768626f72496e666f223b6f6273,,,,,0,0,2025-10-31T15:57:05.417+0100,1761922625,417885
109.126.244.149,2515828333,192.168.0.123,2063640768,50461,54,udp,1,5683,35833,99,60457d70c128ff3c2f72656769737465723e2c3c2f6e646d2f6469733e2c3c2f6e646d2f63693e2c3c2f6d6972726f723e2c3c2f7568703e2c3c2f6e646d2f6c6f676f75743e2c3c2f6e646d2f6c6f67696e3e2c3c2f696e666f3e,,,,,0,0,2025-10-31T15:58:24.442+0100,1761922704,442706
120.196.150.60,1016513656,192.168.0.123,2063640768,42180,42,udp,1,5683,53190,1340,60457d70c128ff3c2f3e3b7469746c653d2247656e6572616c20496e666f223b63743d302c3c2f716c696e6b2f7365617263686465766963653e3b7469746c653d22736561726368646576696365223b6f62732c3c2f716c696e6b2f6e6574696e666f3e3b7469746c653d226e6574696e666f223b6f62732c3c2f716c696e6b2f73656172636861636b3e3b7469746c653d2273656172636861636b223b6f62732c3c2f6465766963652f636f6d6d616e642f756e62696e643e3b7469746c653d22756e62696e64223b6f62732c3c2f6465766963652f636f6d6d616e642f66696c653e3b7469746c653d2266696c65223b6f62732c3c2f6465766963652f636f6d6d616e642f6c6f673e3b7469746c653d226c6f67223b6f62732c3c2f6465766963652f636f6d6d616e642f73656c666465746563743e3b7469746c653d2273656c66646574656374223b6f62732c3c2f716c696e6b2f7365617263686465766963653f747275653e3b7469746c653d227365617263686465766963653f74727565223b6f62732c3c2f716c696e6b2f736561726368526f757465723f747275653e3b7469746c653d22736561726368526f757465723f74727565223b6f62732c3c2f716c696e6b2f67756964653f747275653e3b7469746c653d2267756964653f74727565223b6f62732c3c2f716c696e6b2f726571756573743f747275653e3b7469746c653d22726571756573743f74727565223b6f62732c3c2f6465766963652f696e666f726d2f646174613e3b7469746c653d2264617461223b6f62732c3c2f61706465766963652f636f6e74726f6c2f57694669506172616d6574657253796e633e3b7469746c653d2257694669506172616d6574657253796e63223b6f62732c3c2f61706465766963652f636f6e74726f6c2f576946695377697463683e3b7469746c653d2257694669537769746368223b6f62732c3c2f61706465766963652f636f6e74726f6c2f526164696f436f6e6669673e3b7469746c653d22526164696f436f6e666967223b6f62732c3c2f61706465766963652f636f6e74726f6c2f5750533e3b7469746c653d22575053223b6f62732c3c2f61706465766963652f636f6e74726f6c2f4d616346696c7465723e3b7469746c653d224d616346696c746572223b6f62732c3c2f61706465766963652f636f6e74726f6c2f5265626f6f743e3b7469746c653d225265626f6f74223b6f62732c3c2f61706465766963652f636f6e74726f6c2f4c4544436f6e74726f6c3e3b7469746c653d224c4544436f6e74726f6c223b6f62732c3c2f61706465766963652f636f6e74726f6c2f526f616d696e67436f6e6669673e3b7469746c653d22526f616d696e67436f6e666967223b6f62732c3c2f61706465766963652f71756572792f4170436f6e666967496e666f3e3b7469746c653d224170436f6e666967496e666f223b6f62732c3c2f61706465766963652f71756572792f55706c696e6b5374617475733e3b7469746c653d2255706c696e6b537461747573223b6f62732c3c2f61706465766963652f71756572792f535441496e666f3e3b7469746c653d22535441496e666f223b6f62732c3c2f61706465766963652f71756572792f5769466953746174733e3b7469746c653d22576946695374617473223b6f62732c3c2f61706465766963652f71756572792f576946695374617475733e3b7469746c653d2257694669537461747573223b6f62732c3c2f61706465766963652f71756572792f576c616e4e65696768626f72496e666f3e3b7469746c653d22576c616e4e65696768626f72496e666f223b6f6273,,,,,0,0,2025-10-31T15:58:27.992+0100,1761922707,992338
112.204.251.15,268160112,192.168.0.123,2063640768,0,52,udp,1,5683,59060,524,60457d70c128ff3c2f3e3b7469746c653d2247656e6572616c20496e666f223b63743d302c3c2f716c696e6b2f73656172636866683e3b7469746c653d716c696e6b2f73656172636866682c3c2f716c696e6b2f73656172636867773e3b7469746c653d716c696e6b2f73656172636867772c3c2f716c696e6b2f726571756573743e3b7469746c653d716c696e6b2f726571756573742c3c2f716c696e6b2f737563636573733e3b7469746c653d716c696e6b2f737563636573732c3c2f6465766963652f696e666f726d2f626f6f7473747261703e3b7469746c653d6465766963652f696e666f726d2f626f6f7473747261702c3c2f6465766963652f696e666f726d2f626f6f743e3b7469746c653d6465766963652f696e666f726d2f626f6f742c3c2f6465766963652f696e666f726d2f73796e637265713e3b7469746c653d6465766963652f696e666f726d2f73796e637265712c3c2f6465766963652f696e666f726d2f6f66666c696e653e3b7469746c653d6465766963652f696e666f726d2f6f66666c696e652c3c2f6465766963652f696e666f726d2f6865617274626561743e3b7469746c653d6465766963652f696e666f726d2f6865617274626561742c3c2f6465766963652f696e666f726d2f646174613e3b7469746c653d6465766963652f696e666f726d2f646174612c3c2f6173796e633e3b63743d30,,,,,0,0,2025-10-31T15:58:28.136+0100,1761922708,136211
112.209.4.88,1476710768,192.168.0.123,2063640768,0,52,udp,1,5683,55119,524,60457d70c128ff3c2f3e3b7469746c653d2247656e6572616c20496e666f223b63743d302c3c2f716c696e6b2f73656172636866683e3b7469746c653d716c696e6b2f73656172636866682c3c2f716c696e6b2f73656172636867773e3b7469746c653d716c696e6b2f73656172636867772c3c2f716c696e6b2f726571756573743e3b7469746c653d716c696e6b2f726571756573742c3c2f716c696e6b2f737563636573733e3b7469746c653d716c696e6b2f737563636573732c3c2f6465766963652f696e666f726d2f626f6f7473747261703e3b7469746c653d6465766963652f696e666f726d2f626f6f7473747261702c3c2f6465766963652f696e666f726d2f626f6f743e3b7469746c653d6465766963652f696e666f726d2f626f6f742c3c2f6465766963652f696e666f726d2f73796e637265713e3b7469746c653d6465766963652f696e666f726d2f73796e637265712c3c2f6465766963652f696e666f726d2f6f66666c696e653e3b7469746c653d6465766963652f696e666f726d2f6f66666c696e652c3c2f6465766963652f696e666f726d2f6865617274626561743e3b7469746c653d6465766963652f696e666f726d2f6865617274626561742c3c2f6465766963652f696e666f726d2f646174613e3b7469746c653d6465766963652f696e666f726d2f646174612c3c2f6173796e633e3b63743d30,,,,,0,0,2025-10-31T15:58:29.812+0100,1761922709,812742
124.106.203.217,3653986940,192.168.0.123,2063640768,0,52,udp,1,5683,47230,524,60457d70c128ff3c2f3e3b7469746c653d2247656e6572616c20496e666f223b63743d302c3c2f716c696e6b2f73656172636866683e3b7469746c653d716c696e6b2f73656172636866682c3c2f716c696e6b2f73656172636867773e3b7469746c653d716c696e6b2f73656172636867772c3c2f716c696e6b2f726571756573743e3b7469746c653d716c696e6b2f726571756573742c3c2f716c696e6b2f737563636573733e3b7469746c653d716c696e6b2f737563636573732c3c2f6465766963652f696e666f726d2f626f6f7473747261703e3b7469746c653d6465766963652f696e666f726d2f626f6f7473747261702c3c2f6465766963652f696e666f726d2f626f6f743e3b7469746c653d6465766963652f696e666f726d2f626f6f742c3c2f6465766963652f696e666f726d2f73796e637265713e3b7469746c653d6465766963652f696e666f726d2f73796e637265712c3c2f6465766963652f696e666f726d2f6f66666c696e653e3b7469746c653d6465766963652f696e666f726d2f6f66666c696e652c3c2f6465766963652f696e666f726d2f6865617274626561743e3b7469746c653d6465766963652f696e666f726d2f6865617274626561742c3c2f6465766963652f696e666f726d2f646174613e3b7469746c653d6465766963652f696e666f726d2f646174612c3c2f6173796e633e3b63743d30,,,,,0,0,2025-10-31T15:58:30.711+0100,1761922710,711409
120.226.232.131,2213077624,192.168.0.123,2063640768,30722,41,udp,1,5683,58129,285,60457d70c128ff3c2f716c696e6b3e2c3c2f716c696e6b2f73656172636867773e2c3c2f6465766963653e2c3c2f6465766963652f696e666f726d3e2c3c2f6465766963652f696e666f726d2f626f6f743e2c3c2f6465766963652f696e666f726d2f626f6f7473747261703e2c3c2f6465766963652f696e666f726d2f646174613e2c3c2f6465766963652f696e666f726d2f6865617274626561743e2c3c2f6465766963652f696e666f726d2f6f66666c696e653e2c3c2f656b69743e2c3c2f656b69742f626f6f743e2c3c2f656b69742f626f6f7473747261703e2c3c2f656b69742f6865617274626561743e2c3c2f656b69742f73656172636867773e2c3c2f2e77656c6c2d6b6e6f776e2f636f72653e,,,,,0,0,2025-10-31T15:58:31.169+0100,1761922711,169045
112.31.142.189,3180207984,192.168.0.123,2063640768,21031,41,udp,1,5683,42822,285,60457d70c128ff3c2f716c696e6b3e2c3c2f716c696e6b2f73656172636867773e2c3c2f6465766963653e2c3c2f6465766963652f696e666f726d3e2c3c2f6465766963652f696e666f726d2f626f6f743e2c3c2f6465766963652f696e666f726d2f626f6f7473747261703e2c3c2f6465766963652f696e666f726d2f646174613e2c3c2f6465766963652f696e666f726d2f6865617274626561743e2c3c2f6465766963652f696e666f726d2f6f66666c696e653e2c3c2f656b69743e2c3c2f656b69742f626f6f743e2c3c2f656b69742f626f6f7473747261703e2c3c2f656b69742f6865617274626561743e2c3c2f656b69742f73656172636867773e2c3c2f2e77656c6c2d6b6e6f776e2f636f72653e,,,,,0,0,2025-10-31T15:58:34.387+0100,1761922714,387866
109.201.114.83,1400031597,192.168.0.123,2063640768,206,46,udp,1,5683,52023,99,60457d70c128ff3c2f72656769737465723e2c3c2f6e646d2f6469733e2c3c2f6e646d2f63693e2c3c2f6d6972726f723e2c3c2f7568703e2c3c2f6e646d2f6c6f676f75743e2c3c2f6e646d2f6c6f67696e3e2c3c2f696e666f3e,,,,,0,0,2025-10-31T15:58:36.575+0100,1761922716,575856
122.52.77.142,2387424378,192.168.0.123,2063640768,0,52,udp,1,5683,40871,524,60457d70c128ff3c2f3e3b7469746c653d2247656e6572616c20496e666f223b63743d302c3c2f716c696e6b2f73656172636866683e3b7469746c653d716c696e6b2f73656172636866682c3c2f716c696e6b2f73656172636867773e3b7469746c653d716c696e6b2f73656172636867772c3c2f716c696e6b2f726571756573743e3b7469746c653d716c696e6b2f726571756573742c3c2f716c696e6b2f737563636573733e3b7469746c653d716c696e6b2f737563636573732c3c2f6465766963652f696e666f726d2f626f6f7473747261703e3b7469746c653d6465766963652f696e666f726d2f626f6f7473747261702c3c2f6465766963652f696e666f726d2f626f6f743e3b7469746c653d6465766963652f696e666f726d2f626f6f742c3c2f6465766963652f696e666f726d2f73796e637265713e3b7469746c653d6465766963652f696e666f726d2f73796e637265712c3c2f6465766963652f696e666f726d2f6f66666c696e653e3b7469746c653d6465766963652f696e666f726d2f6f66666c696e652c3c2f6465766963652f696e666f726d2f6865617274626561743e3b7469746c653d6465766963652f696e666f726d2f6865617274626561742c3c2f6465766963652f696e666f726d2f646174613e3b7469746c653d6465766963652f696e666f726d2f646174612c3c2f6173796e633e3b63743d30,,,,,0,0,2025-10-31T15:58:38.193+0100,1761922718,193822
122.52.156.154,2593928314,192.168.0.123,2063640768,0,52,udp,1,5683,56169,524,60457d70c128ff3c2f3e3b7469746c653d2247656e6572616c20496e666f223b63743d302c3c2f716c696e6b2f73656172636866683e3b7469746c653d716c696e6b2f73656172636866682c3c2f716c696e6b2f73656172636867773e3b7469746c653d716c696e6b2f73656172636867772c3c2f716c696e6b2f726571756573743e3b7469746c653d716c696e6b2f726571756573742c3c2f716c696e6b2f737563636573733e3b7469746c653d716c696e6b2f737563636573732c3c2f6465766963652f696e666f726d2f626f6f7473747261703e3b7469746c653d6465766963652f696e666f726d2f626f6f7473747261702c3c2f6465766963652f696e666f726d2f626f6f743e3b7469746c653d6465766963652f696e666f726d2f626f6f742c3c2f6465766963652f696e666f726d2f73796e637265713e3b7469746c653d6465766963652f696e666f726d2f73796e637265712c3c2f6465766963652f696e666f726d2f6f66666c696e653e3b7469746c653d6465766963652f696e666f726d2f6f66666c696e652c3c2f6465766963652f696e666f726d2f6865617274626561743e3b7469746c653d6465766963652f696e666f726d2f6865617274626561742c3c2f6465766963652f696e666f726d2f646174613e3b7469746c653d6465766963652f696e666f726d2f646174612c3c2f6173796e633e3b63743d30,,,,,0,0,2025-10-31T15:58:52.470+0100,1761922732,470597
